{"cameraMode":{"drawMode":0,"name":"Shaded","section":"Shading Mode"},"sceneLighting":true,"audioPlay":false,"sceneViewState":{"m_AlwaysRefresh":false,"showFog":true,"showSkybox":true,"showFlares":true,"showImageEffects":true,"showParticleSystems":true,"showVisualEffectGraphs":true,"m_FxEnabled":true},"in2DMode":false,"pivot":{"x":-15.742942810058594,"y":-31.051179885864259,"z":57.773807525634769},"rotation":{"x":0.24497990310192109,"y":-0.002908575115725398,"z":0.0007349418010562658,"w":0.9695240259170532},"size":61.61396026611328,"orthographic":false}